cucumber	to live on cucumbers and water and
cucumber	toss spinach with cucumbers carrots and radishes
cucumber	Vegetables Asparagus corn cucumbers dark leafy greens
cucumber	Add tomato cucumber onion beans and
cucumber	Grant ate cucumbers soaked in vinegar
cucumber	fruit tomato and cucumber to the stew
cucumber	Arrange of the cucumber strips in a
cucumber	the following order cucumber chicken spinach and
cucumber	Add cucumber and toss to
cucumber	with slices of cucumber onion tomato and
cucumber	and slices of cucumber tomato and onion
cucumber	diced mango jicama cucumber or other produce
cucumber	piling on tomatoes cucumbers peppers zucchini and
cucumber	Arrange chicken cucumbers tomatoes corn and
cucumber	fruit tomato and cucumber to the stew
cucumber	cup lettuce cup cucumber and 2 tablespoons
cucumber	Slip a cucumber piece almost to
cucumber	tomato celery and cucumber with limited amounts
cucumber	of sunbeams from cucumbers in Gulliver Travels
cucumber	extract sunbeams from cucumbers 
cucumber	third carrots third cucumbers for pickles fourth
cucumber	such as apples cucumbers cheese sticks homemade
cucumber	oxidase found in cucumbers and mammalian plasma
cucumber	products to kill cucumber beetles as well
cucumber	divers collected sea cucumbers 
cucumber	of Alaska sea cucumbers 
cucumber	study of sea cucumbers was economically necessary
cucumber	similar work on cucumbers 
cucumber	as sweet corn cucumbers squash and peppers
cucumber	beets peas squash cucumbers carrots lettuce and
cucumber	and a fresh cucumber which I ate
cucumber	consists of almonds cucumbers tomatoes berries apples
cucumber	with a grape cucumber or grapefruit aroma
cucumber	included cabbage cress cucumber greens and dill
cucumber	who grew a cucumber 
cucumber	bean Phaseolus vulgaris cucumber Cucumis sativus and
cucumber	onion freshly cut cucumber fresh mint and
cucumber	a row of cucumbers until told precisely
cucumber	the spines on cucumbers 
cucumber	for seedless greenhouse cucumbers has been accepted
cucumber	can also visit cucumbers eggplants peppers and
cucumber	greenhouse and field cucumbers 
cucumber	point inspection the cucumbers are free from
cucumber	with regular seeded cucumbers 
cucumber	that when the cucumbers are packed in
cucumber	enough to prevent cucumbers from moving within
cucumber	the number of cucumbers found in the
cucumber	quality of the cucumbers can not be
cucumber	At this stage cucumbers have reached their
cucumber	green color of cucumbers is to be
cucumber	Mark II greenhouse cucumber is noted for
cucumber	or storing transporting cucumbers with fruit that
cucumber	1 cucumber with a 10
cucumber	non seedless greenhouse cucumbers are characterized by
cucumber	If cucumbers are still green
cucumber	to affect the cucumber itself 
cucumber	at 10oC therefore cucumbers must be stored
cucumber	present on the cucumbers 
cucumber	acid flora of cucumbers 
cucumber	For cucumber fermentation in tank
cucumber	For cucumber fermentation in tank
cucumber	peppers and the cucumber family with a
cucumber	Magusu suruji matango cucumber cashew and various
cucumber	octopus mussels sea cucumbers sea urchins oysters
cucumber	octopus mussels sea cucumbers sea urchins oysters
cucumber	sea urchin sea cucumber etc
cucumber	in commercial sea cucumber fishing shall obtain
cucumber	and peanuts sliced cucumber and milo 
cucumber	cabbage but radishes cucumbers green onions chives
cucumber	Magusu suruji matango cucumber cashew and various
cucumber	of plants corn cucumber cabbage carrot and
cucumber	with lettuce and cucumbers 
cucumber	LarryBoy the popular cucumber featured in several
cucumber	era cotton and cucumbers were introduced as
cucumber	pig and a cucumber wrapped in aluminum
cucumber	a tomato and cucumber salad 
cucumber	request for some cucumbers and tomatoes 
cucumber	sunlight from a cucumber 
cucumber	with sliced carrots cucumbers or tomatoes 
cucumber	which preys upon cucumbers 
cucumber	fresh tomatoes and cucumbers and cold Mexican
cucumber	calm as a cucumber exactly 
cucumber	an elasiopod sea cucumber found in the
cucumber	One very large cucumber magnolia is growing
cucumber	cool as a cucumber 
cucumber	volunteer and a cucumber and a wooden
cucumber	on a juggling cucumber lettuce and tomato
cucumber	and his whole cucumber routine only got
cucumber	half a dozen cucumbers 
cucumber	shellfish and sea cucumbers 
cucumber	sea urchins sea cucumbers sea lion feces
cucumber	sea urchins sea cucumbers sea lion feces
cucumber	some goat cheese cucumber peppers onions and
cucumber	Green beans cucumbers lingonberries currants asparagus
cucumber	some goat cheese cucumber peppers onions and
cucumber	said These golden cucumbers are not for
cucumber	buy your golden cucumbers 
cucumber	for the golden cucumbers 
mushroom	lima beans liver mushrooms pecans pumpkin seeds
mushroom	Place mushrooms in a small
mushroom	bell peppers Portobello mushroom and onions make
mushroom	green beans lettuce mushrooms peas scallions squash
mushroom	Add the mushrooms soy or fish
mushroom	kiwifruit kale Portobello mushrooms tomatillos and pomegranates
mushroom	well with onions mushrooms or peas 
mushroom	sauce studded with mushrooms and freshly cooked
mushroom	cherry tomatoes sliced mushrooms canned and rinsed
mushroom	well as onions mushrooms and tomato and
mushroom	well as dried mushrooms soybean paste miso
mushroom	Add mushrooms and heat through
mushroom	Place mushrooms in large mixing
mushroom	green bean and mushroom mixture over pasta
mushroom	saut onion and mushrooms until tender about
mushroom	and keep the mushrooms from shriveling and
mushroom	cooks lightly coat mushroom caps with canola
mushroom	If using dried mushrooms soak in hot
mushroom	pepper and shiitake mushrooms in canola oil
mushroom	well with onions mushrooms or peas 
mushroom	Add all mushrooms and saut until
mushroom	Add mushrooms and until they
mushroom	Add mushrooms 
mushroom	3 minutes until mushrooms release juice 
mushroom	Remove mushrooms stems from broth
mushroom	Wipe mushrooms with damp cloth
mushroom	of meaty portobello mushrooms and tomatoes perfumed
mushroom	Remove stems from mushrooms and discard 
mushroom	sweet potato cabbage mushrooms bay leaf carrots
mushroom	extract of edible mushrooms can inhibit aromatase
mushroom	like peppers onions mushrooms tomatoes and spinach
mushroom	florets and sliced mushrooms and a package
mushroom	cook stirring until mushrooms are tender and
mushroom	Add mushrooms and stir until
mushroom	Meanwhile prepare the mushrooms 
mushroom	shaped like a mushroom or a small
mushroom	chile soups and mushroom and pepper soups
mushroom	bowl cover the mushrooms with hot tap
mushroom	poultry eggs grains mushrooms and other foods
mushroom	shaped like a mushroom or a small
mushroom	Add mushrooms 
mushroom	released from the mushrooms evaporates 
mushroom	Add the mushrooms and cook stirring
mushroom	Rice with sliced mushrooms might be nice
mushroom	projections are still mushrooming nonetheless probably primarily
mushroom	realize that the mushrooming Federal programs reflected
mushroom	social programs that mushroomed during the Great
mushroom	addiction that has mushroomed out of control
mushroom	year it seems mushroom growers are just
mushroom	high interest rates mushrooming government spending and
mushroom	Federal Government to mushroom out of control
mushroom	have become or mushroomed into a major
mushroom	at River Falls mushroom into a university
mushroom	on the morel mushroom 
mushroom	peanuts peanut butter mushrooms and wheat products
mushroom	certain fruits vinegar mushrooms and fermented foods
mushroom	bell pepper celery mushrooms or squash 
mushroom	carrot celery and mushrooms 
mushroom	Combine with mushrooms in skillet 
mushroom	your rice in mushroom or vegetable stock
mushroom	mixing it with mushrooms makes a flavorful
mushroom	case it had mushroomed into massive litigation
mushroom	A hallucinogenic mushroom may have been
mushroom	good one for mushrooms in this part
mushroom	recently the term mushroom hunter has more
mushroom	that nourish the mushroom 
mushroom	that some common mushrooms actively seek out
mushroom	now I know mushrooms are busy evening
mushroom	seeds berries and mushrooms in their burrow
mushroom	fungi kingdom includes mushrooms which are the
mushroom	fall squirrels gather mushrooms and carry them
mushroom	holds no native mushrooms 
mushroom	are empty because mushrooms are disappearing from
mushroom	for prized edible mushrooms like chanterelles or
mushroom	weighing the wild mushroom crop sold in
mushroom	it appears that mushrooms in a forest
mushroom	severe declines in mushroom populations for various
mushroom	The mushroom could care less
mushroom	underground and the mushrooms are the fruiting
mushroom	fungi such as mushrooms nurture our soil
mushroom	patterns of growing mushrooms known in folklore
mushroom	even though no mushrooms appear at the
mushroom	The mushrooms of the meadows
mushroom	the explanation that mushroom mycelium creates fairy
mushroom	quantities of edible mushrooms 
mushroom	blanketed roofs the mushroom caps on barrels
mushroom	Endowment budget that mushroomed from 16 million
mushroom	and tax advice mushroomed 
mushroom	with a hallucinogenic mushroom which was consumed
mushroom	as possibly a mushroom perhaps the last
mushroom	Media Centres have mushroomed around the globe
mushroom	of recipes for mushrooms one of the
mushroom	and scientists had mushroomed beyond all expectations
mushroom	grew like a mushroom 
mushroom	Mercury was a mushrooming project that was
mushroom	peaches bananas and mushrooms 
mushroom	or cream of mushroom soup by tablet
banana	Also apples apricots bananas brown rice figs
banana	grains apricots avocado bananas brown rice cantaloupe
banana	peanut butter and banana slices 
banana	cause diarrhea include bananas peach and apricot
banana	potatoes with skin bananas prunes oranges and
banana	and a sliced banana may be all
banana	fruits like kiwi banana and fresh or
banana	while apple and banana measured 98 and
banana	brown sugar1 small banana cut in pieces1
banana	whisk together mashed bananas orange juice concentrate
banana	Blend in banana and vanilla until
banana	squash rhubarb or banana 
banana	like oranges and bananas can be kept
banana	Another showed a banana and poultry farm
banana	traditional products sugar bananas bauxite and coffee
banana	as berries and bananas using a plastic
banana	that mashing a banana is just as
banana	can start on bananas 
banana	our child mash banana in his hands
banana	taste of mashed banana during that time
banana	photo of a banana can be used
banana	as apples and bananas available most of
banana	beef potatoes and bananas 
banana	A little mashed banana was all she
banana	bit of mashed banana 
banana	food right after banana and sweet potato
banana	could offer mashed banana during the day
banana	nutritional needs than banana
banana	amount of mashed banana could tide baby
banana	and rarely a banana on his own
banana	together we make banana bread or something
banana	peanut butter and banana sandwiches or apple
banana	The bananas are the only
banana	Offer a banana or an apple
banana	A banana or a slice
banana	peel of a banana and the tone
banana	selling small sweet bananas from a basket
banana	snacked on miniature bananas fresh off the
banana	residents grow rice bananas vegetables fruit trees
banana	working conditions for banana plantation workers whose
banana	known as Canada banana belt because it
banana	kids just went bananas 
banana	or mother a banana 
banana	Oranges and bananas are two of
banana	first delve into banana history 
banana	possible all the bananas on a stalk
banana	It was the banana found in the
banana	to keep moving banana plantations to fresh
banana	found a new banana 
banana	the tough new banana came a tougher
banana	from diploid seeded bananas 
banana	get a new banana that resists disease
banana	work because each banana generation takes three
banana	neighbors had a banana tree 
banana	An experimenter hung bananas high up in
banana	gave me a banana and Jane some
banana	such as cured banana leaves upon which
banana	A banana is a solid
banana	fruit flies like bananas
banana	superpower and a banana republic 
banana	from inhaling the banana oil fumes in
banana	such as tomatoes bananas mangoes and papayas
banana	papayas mangoes peaches bananas and mushrooms 
banana	Everyone was going bananas 
banana	sandwiches stewed tomatoes banana and cookies a
banana	cords and a banana type plug 
banana	banana cake with banana sauce and Jamaican
banana	Pack a banana or slice it
banana	half of the banana and blend again
banana	apricots milk artichokes bananas salt substitutes avocados
banana	Fresh fruit including bananas cantaloupe watermelon honeydew
banana	potassium such as bananas oranges grapefruit raisins
banana	bananas about 3 bananas 1 egg white
banana	to start using bananas as a source
banana	fruits such as bananas pineapples and papayas
banana	Fresh fruit including bananas cantaloupe watermelon honeydew
banana	with mango and banana plantations lining the
banana	get a frozen banana 
banana	to wrap a banana in a condom
banana	don and doff banana peel lift and
banana	can use a banana and if you
banana	after Neitzel went bananas to nearly bring
banana	palm oil and bananas 
banana	of her famous banana bread 
banana	the textile and banana industries in Latin
banana	cold storage and banana ripening facilities handling
banana	producing coffee and bananas we simply lack
banana	chicken and mushy bananas 
banana	than coffee or bananas 
banana	have turned into bananas as they grapple
banana	as apples avocados bananas pears peaches plums
banana	the label are banana chips and molasses
banana	to fix the banana shape ie make
banana	network of women banana worker activism that
banana	work with the banana unions and I
banana	from a ripe banana in the jungle
banana	sugar beets or bananas 
banana	inside with a banana 
banana	strawberries cantaloupe and bananas should be provided
banana	amounts of strawberries bananas melon berries and
pizza	and Cheese plain pizza Pepperidge Farm white
pizza	do like the pizza everyone else is
pizza	or slice of pizza 
pizza	attendees such as pizza potato chips and
pizza	PowerPoint with the pizzazz of video to
pizza	order a veggie pizza from the pizzeria
pizza	or vegetable pita pizza can be prepared
pizza	tomatoes tomato sauce pizza and tomato juice
pizza	rather than the pizza they ate 
pizza	also great as pizza toppings or pita
pizza	your bag with pizzazz and good health
pizza	Spray pizza pan or cookie
pizza	In pizza whole wheat crust
pizza	up a healthful pizza at the best
pizza	popcorn bags and pizza delivery boxes 
pizza	of ordering a pizza and splurging call
pizza	So Joe ate pizzas and drank milkshakes
pizza	with these magnificent Lipizzaner horses 
pizza	continuation of the Lipizzaner horses 
pizza	in town for pizzas pasta entrees and
pizza	fight in a pizza parlor using a
pizza	She likes pizza and watching the
pizza	who developed a pizza delivery business and
pizza	call for a pizza if he had
pizza	could be frozen pizzas or macaroni and
pizza	to order a pizza Breads can be
pizza	picked up a pizza and walked home
pizza	cheese from my pizza 
pizza	restaurant meal or pizza 
pizza	going out for pizza was a big
pizza	produces more authentic pizza and pita thin
pizza	to slide the pizza smoothly onto the
pizza	Remove the hot pizza carefully using the
pizza	benedict or homemade pizza kept in the
pizza	of bread through pizza sweet rolls and
pizza	sister Jocelyn eats pizza 
pizza	separate ad for pizza ovens 
pizza	you can find pizza stores bars and
pizza	for ate the pizza yields 53a and
pizza	and ate the pizza are represented as
pizza	like ate the pizza does have the
pizza	like ate the pizza in 31 does
pizza	like ate the pizza in 31 does
pizza	for ate the pizza yields 59a and
pizza	success and all pizza was sold 
pizza	College with a pizza party 
pizza	think the round pizzas are a better
pizza	can the round pizzas be a better
pizza	sandwiches Pizza Hut pizza soups and salads
pizza	games and organizing pizza parties in the
pizza	food like pepperoni pizza at dinner by
pizza	to solely mean pizza or McDonalds after
pizza	of the wild pizza at midnight reach
pizza	cheerfully eat cold pizza for breakfast I
pizza	can begin freezing pizza sauce and dough
pizza	we went for pizza before meeting Cheryl
pizza	leaning towers of pizza shamrock taverns black
pizza	leaning towers of pizza black mammies shamrock
pizza	persuaded the owner pizza magnate Thomas S
pizza	be found serving pizza and soda at
pizza	ice cream parlor pizza place or movie
pizza	Grease followed by pizza with the cast
pizza	floor activities like pizza and a movie
pizza	option order a pizza sub or salad
pizza	soft drink containers pizza boxes etc
pizza	core necessities free pizza caffeine 
pizza	large as a pizza or as small
pizza	size of a pizza pan 
pizza	There enough stale pizza hanging around and
pizza	years we had pizza every Friday night
pizza	I ate the pizza and felt pretty
pizza	they really miss pizza 
pizza	add a little pizzazz to the disc
pizza	deliver everything from pizza to chicken wings
pizza	Robert Beeman bought pizzas for those who
pizza	reveal students holding pizza picnics on the
pizza	Lunch includes pizza buffet soft drink
pizza	for his homemade pizza pasta sauce and
pizza	your friends over pizza and you say
pizza	an order for pizzas with anchovies 
pizza	faculty for a pizza and drinks evening
pizza	to have a pizza with friends in
pizza	cultural objects including pizza sunglasses video games
pizza	cooking your pepperoni pizza Hot Pockets is
pizza	have robbed the pizza guy and broke
pizza	some pool and pizza 
pizza	After dining on pizza we watched another
pizza	us all to pizza care of the
pizza	We ate pizza and chinese food
pizza	version of the pizza and more than
pizza	bar a heated pizza box plastic microwave
pizza	granola bars heated pizza boxes heatproof plastic
pizza	damage the soft pizza or other packaged
pizza	those used for pizza pies 
pizza	used to deliver pizza pies or large
bucket	drop in a bucket the difference with
bucket	drop in the bucket 
bucket	year and the bucket seems to take
bucket	and the Gatorade bucket proves my point
bucket	hog and the bucket 
bucket	unauthorised water tanks buckets and large drums
bucket	built in time buckets which accumulate the
bucket	which use token buckets for marking in
bucket	scored his only bucket of the game
bucket	scored the last bucket with remaining in
bucket	infamous May 1954 bucket brigade style book
bucket	for the easy bucket and the determination
bucket	minutes without a bucket 
bucket	get the winning bucket 
bucket	support a large bucket of determination and
bucket	shoes in a bucket by the door
bucket	cleaners in a bucket in the bathroom
bucket	on a plastic bucket and he can
bucket	We take a bucket and go sit
bucket	them either on buckets like a dove
bucket	them either on buckets like a dove
bucket	of old Navy rustbuckets moored here and
bucket	drop in the bucket compared to the
bucket	drop in the bucket compared to the
bucket	These include a bucket of soil a
bucket	These include a bucket of soil a
bucket	midges by the bucketful 
bucket	framework into a bucket of suds 
bucket	watched a backhoe bucket rumble through chunks
bucket	of a leaky bucket 
bucket	that controls the bucket size is in
bucket	size of the bucket in undisturbed areas
bucket	Fairbanks so the bucket is not much
bucket	in the water buckets and of the
bucket	had thrown a bucket of sand into
bucket	dropped from helicopter buckets equipped with air
bucket	guillemots live in buckets recycled from the
bucket	out of its bucket trying to ingest
bucket	a giant natural bucket 
bucket	pipes and bent buckets the actual deformation
bucket	bottom of the bucket 
bucket	it a similar bucket equally filled with
bucket	side of the bucket about a half
bucket	a 5 gallon bucket of material very
bucket	The buckets were then connected
bucket	Oeltjen bucket started a run
bucket	range by forming bucket brigade communications links
bucket	observations for Professor Fuzzbucket proposals 
bucket	Water Using buckets and beads sensitive
bucket	member holding a bucket please open your
bucket	drop in the bucket compared to present
bucket	by pressing the bucket of the surface
bucket	place as a bucket shop to my
bucket	into a wooden bucket 
bucket	ramping up the gutbucket with his keening
bucket	industry for a bucketful of loot and
bucket	its undeniably impressive gutbucket grooves 
bucket	brigade or the bucket 
bucket	A bucket represents a chunk
bucket	is represented by bucket brigades 
bucket	several filters some buckets were removed some
bucket	the second using bucket brigades to accomplish
bucket	implemented by manipulating bucket brigades and which
bucket	incoming data via bucket bridges one at
bucket	looking at the buckets 
bucket	buckets which form bucket brigades 
bucket	important to understand bucket brigades 
bucket	the number of bucket brigades sent from
bucket	alone in a bucket brigade 
bucket	data in all bucket brigades passing through
bucket	in the next bucket brigade on the
bucket	and the EOS bucket was sent in
bucket	or when the bucket brigade is passed
bucket	they acquire the bucket brigades which includes
bucket	and sends the bucket brigade to the
bucket	filtering a direct bucket brigades manipulation interface
bucket	which makes the bucket brigade available to
bucket	to the current bucket brigade 
bucket	with a single bucket 
bucket	far all the buckets were of the
bucket	with a single bucket of type TRANSIENT
bucket	a new empty bucket brigade ctxbb pass
bucket	be populated with buckets 
bucket	and removal of buckets 
bucket	first technique of bucket brigade modification 
bucket	go through the bucket brigades filters when
bucket	more than one bucket brigade from the
bucket	or even more bucket brigades so we
bucket	The bucket brigades output filter
bucket	of the new bucket brigade 
bucket	that reading one bucket brigade is not
bucket	in the current bucket brigade it can
bucket	retrieval of extra bucket brigades until the
bucket	there were six bucket brigades 
bucket	put into a bucket brigade and returned
bucket	data from the buckets and signal when
bucket	store the incoming buckets for post processing
umbrella	serving as an umbrella for all NACE
umbrella	sovereignty to the umbrella alliance or union
umbrella	AICR and its umbrella organization WCRF International
umbrella	hat even an umbrella offer good protection
umbrella	was largely an umbrella White House office
umbrella	much larger strategic umbrella spread over our
umbrella	build a bigger umbrella under which it
umbrella	came under that umbrella 
umbrella	the strategic nuclear umbrella strong and up
umbrella	of this national umbrella organization is to
umbrella	for that nuclear umbrella it part of
umbrella	peace and that umbrella is our nuclear
umbrella	need the international umbrella to offer us
umbrella	which provides an umbrella for increased collaboration
umbrella	the Saudi protective umbrella 
umbrella	first signed an umbrella agreement on science
umbrella	of NATO nuclear umbrella 
umbrella	taken under the umbrella of an existing
umbrella	what I called umbrella talks negotiations with
umbrella	Democratic Front an umbrella organization committed to
umbrella	basis of an umbrella concept developed by
umbrella	framework of an umbrella formula in the
umbrella	under one strategic umbrella 
umbrella	a sort of umbrella consortium of smaller
umbrella	are under an umbrella paradigm called the
umbrella	interaction in an umbrella fashion 
umbrella	NSF under the umbrella of the Chemistry
umbrella	or jacket an umbrella one item of
umbrella	under the ADP umbrella was College of
umbrella	under their Chiefs umbrella at practice today
umbrella	rg an umbrella organization serving as
umbrella	the Walden Automotive umbrella which employs more
umbrella	Action WABA an umbrella network for organizations
umbrella	jackets and small umbrellas then pop them
umbrella	under the same umbrella 
umbrella	and registering an umbrella nonprofit LLL Slovenija
umbrella	lived under an umbrella of peace and
umbrella	fall under the umbrella of what has
umbrella	is provide an umbrella a way to
umbrella	Youth Programs the umbrella organization under which
umbrella	operate under the umbrella of collaborative learning
umbrella	Under the general umbrella of management we
umbrella	along a small umbrella 
umbrella	occupational studies an umbrella for vocational technical
umbrella	Watson installed an umbrella rack to prevent
umbrella	operate under the umbrella of APVA Revolving
umbrella	under the protective umbrella of the federal
umbrella	member of its umbrella group the Alliance
umbrella	held by the umbrella organization Alliance for
umbrella	PCFFA is an umbrella group made up
umbrella	activity was an umbrella term see Figure
umbrella	to bend the umbrella toward your direction
umbrella	look like an umbrella but a gigantic
umbrella	develop a special umbrella shelter for the
umbrella	serves as an umbrella for 40 other
umbrella	huddled under an umbrella trying to protect
umbrella	under pretty colored umbrellas 
umbrella	articulated the philosophical umbrella for the event
umbrella	riding is an umbrella term to describe
umbrella	Research is the umbrella organizer for Mentorship
umbrella	under a conceptual umbrella that connect them
umbrella	It is an umbrella treaty covering all
umbrella	under the NWS umbrella stating that the
umbrella	organized under the umbrella of Wright State
umbrella	encompassed under the umbrella of global stewardship
umbrella	him under the umbrella of the holding
umbrella	an alarm clock umbrella and bedding 
umbrella	We are an umbrella organization of Student
umbrella	IDRC under the umbrella of Interdoc 
umbrella	under the APC umbrella at international and
umbrella	information distributors and umbrella groups that encouraged
umbrella	Montevideo Uruguay the umbrella organization of Chasque
umbrella	under one online umbrella and to disseminate
umbrella	incorporated under the umbrella of the World
umbrella	platform under the umbrella of TICBolivia were
umbrella	the members of umbrella organizations bridges
umbrella	in local NGO umbrella organizations in targeted
umbrella	learned that Galileo umbrella like high gain
umbrella	Apollo 17 antenna umbrella during the Closout
umbrella	formed into an umbrella held in place
umbrella	around the antenna umbrella 
umbrella	seen on the umbrella of the antenna
umbrella	part of the umbrella say scratches caused
umbrella	pattern on the umbrella 
umbrella	pattern on the umbrella 
umbrella	reflection on the umbrella shows that the
umbrella	seen on the umbrella is a reflection
umbrella	the like an umbrella 
umbrella	that the collapsed umbrella could be projected
umbrella	under the military umbrella 
umbrella	program was the umbrella under which projects
umbrella	institutional and budgetary umbrella under which contracts
umbrella	within the wide umbrella of Schurmeier authority
umbrella	suitable to an umbrella research organization such
umbrella	creation of the umbrella organization for the
umbrella	a simple intergovernmental umbrella agreement 
umbrella	be a coordinating umbrella organization rather than
mailbox	out of her mailbox 
mailbox	to the lawyer mailbox can be misused
mailbox	name of the mailbox owner as well
mailbox	in the electronic mailbox after long days
mailbox	material to individual mailboxes 
mailbox	space to the mailbox the Postal Service
mailbox	carriers monitor the mailboxes of participating residents
mailbox	MIME enough electronic mailbox capacity and access
mailbox	Also watch your mailbox for a Hold
mailbox	My mailbox often had emails
mailbox	note in her mailbox 
mailbox	things from my mailbox so I would
mailbox	in a hot mailbox 
mailbox	walking to the mailbox as part of
mailbox	postcard from the mailbox 
mailbox	of Fall quarter mailboxes are assigned in
mailbox	faculty restrooms teacher mailboxes supply areas etc
mailbox	and videos organization mailboxes teambuilding consultation computers
mailbox	in Hall Director mailboxes to be delivered
mailbox	to an updated mailbox 
mailbox	with your server mailbox 
mailbox	maintain a single mailbox and eliminates many
mailbox	to reclaim your mailbox from the storm
mailbox	fill up your mailbox while you are
mailbox	The mailbox definition file created
mailbox	Old bad mailbox definition files could
mailbox	emerged from the mailbox amidst a clot
mailbox	decorative roof or mailbox supports or just
mailbox	into Jesse Atencio mailbox in the mail
mailbox	delivered to your mailbox every Month except
mailbox	Bradford McDougall threatening mailbox with dreadlocks made
mailbox	frequently seen on mailboxes spelling out suburban
mailbox	well for UWM mailboxes 
mailbox	of their current mailboxes 
mailbox	also sends a mailbox interrupt to the
mailbox	mailboxes excluding electronic mailboxes in the areas
mailbox	a Printing Services mailbox located in front
mailbox	distribute to proper mailboxes 
mailbox	rental unit and mailbox to the Community
mailbox	Video Production Manager mailbox and books the
mailbox	individual student organization mailboxes 
mailbox	in their student mailbox signed for by
mailbox	it in their mailboxes 
mailbox	receive to avoid mailbox congestion 
mailbox	which just reached mailboxes earlier today 
mailbox	messes up my mailbox too but I
mailbox	to all campus mailboxes publicized through or
mailbox	they share a mailbox with their roommate
mailbox	to your campus mailbox or can be
mailbox	equipment rental and mailboxes for campus organizations
mailbox	printers and organization mailboxes 
mailbox	houses where locked mailboxes do not exist
mailbox	to your instructor mailbox or to your
mailbox	referred to as mailboxes need routine cleanup
mailbox	Resources such as mailboxes queues semaphores mutex
mailbox	mechanisms such as mailboxes events and different
mailbox	are in your mailbox how many have
mailbox	looked in your mailbox 
mailbox	it in your mailbox for now type
mailbox	one in your mailbox from which you
mailbox	checks this online mailbox to see if
mailbox	check your electronic mailbox 
mailbox	any username or mailbox on the computer
mailbox	right to your mailbox 
mailbox	message in your mailbox a copy of
mailbox	programs to your mailbox 
mailbox	sent to your mailbox just as with
mailbox	clutter the poster mailbox and save people
mailbox	in my own mailbox either for that
mailbox	an already full mailbox may become tedious
mailbox	standard and proprietary mailbox protocols 
mailbox	alternatively telephone voice mailbox messages or management
mailbox	the perpetrator electronic mailbox 
mailbox	the objects directories mailboxes etc
mailbox	could be a mailbox the neighbor driveway
mailbox	mail from your mailbox after it has
mailbox	vehicles also block mailboxes and trash barrels
mailbox	get to his mailbox the counselor got
mailbox	or pictures create mailboxes for sorting your
mailbox	to a specific mailbox 
mailbox	up fellow subscribers mailboxes with unwanted messages
mailbox	in the unknown mailbox and things would
mailbox	than the nearest mailbox 
mailbox	placed in your mailbox 
mailbox	to their campus mailbox 
mailbox	students via their mailboxes upon request 
mailbox	card in your mailbox telling you where
mailbox	film in rural mailboxes and succeeded in
mailbox	in 500 rural mailboxes and turned a
mailbox	extension or voice mailbox number 
mailbox	out of your mailbox 
mailbox	data in their mailbox or home folders
mailbox	Your Lampeter mailbox is accessible via
mailbox	even have a mailbox anymore 
mailbox	listed below the mailbox 
mailbox	you create a mailbox on your system
mailbox	homework in my mailbox which is in
mailbox	placed in my mailbox by 1pm 
microwave	defrosted in the microwave for an instant
microwave	steamed in the microwave for a few
microwave	squash in the microwave or on the
microwave	gently in a microwave oven before using
microwave	and not a microwave oven which will
microwave	cook in the microwave in minutes 
microwave	Or microwave a bag of
microwave	can activate the microwave and blender in
microwave	meal in the microwave and serve 
microwave	the most juice microwave a lemon for
microwave	Place in a microwave and warm for
microwave	or in a microwave at medium power
microwave	kind produced by microwave ovens seems to
microwave	and place in microwave 
microwave	Place in microwave and cook at
microwave	Place in microwave and cook at
microwave	be steamed in microwave oven in cookware
microwave	minutes in a microwave oven 
microwave	and place in microwave 
microwave	Place in a microwave and warm for
microwave	in oven or microwave 
microwave	Simply puree steamed microwaved or baked squash
microwave	loss when steamed microwaved or 
microwave	either in a microwave on high for
microwave	a steamer or microwave until tender but
microwave	tortillas in the microwave for seconds on
microwave	also found in microwave popcorn bags and
microwave	reheat heat in microwave covered 45 seconds
microwave	butter in the microwave 
microwave	the oven or microwave then briefly grill
microwave	the synthesis of microwave devices 
microwave	of band pass microwave filters 
microwave	to thank the microwave team of the
microwave	of the cosmic microwave background CMB radiation
microwave	of foods including microwave pasteurization ultrafiltration reverse
microwave	radiant energy and microwave ovens and cosmetics
microwave	well as many microwave ovens can cause
microwave	it in a microwave for about a
microwave	not use a microwave oven to heat
microwave	quickly in a microwave or toaster 
microwave	electric heat electric microwave refrigerator in the
microwave	fridge gas stove microwave dishwasher and garbage
microwave	with rollers the microwave has been repaired
microwave	heating elements and microwaves are not allowed
microwave	transitions in the microwave infrared visible and
microwave	absorption of a microwave photon is detected
microwave	the techniques of microwave Fourier transform spectroscopy
microwave	fiber transmission lines microwave nets switches televisions
microwave	can be as microwaves under favorable conditions
microwave	fm antennas a microwave link and one
microwave	vast radio and microwave spectrum were accepted
microwave	of the cosmic microwave background radiation 
microwave	still persists that microwave brightness temperature can
microwave	controlling the passive microwave signal received by
microwave	remote sensing and microwave ovens 
microwave	Wavelengths shorter than microwaves but too long
microwave	meat in the microwave oven 
microwave	agreed that the microwave environment was the
microwave	high levels of microwave radiation may be
microwave	exposed occasionally to microwave energy of a
microwave	that very low microwave levels 10 microwatt
microwave	suspected that a microwave signal modulated i
microwave	average leakage from microwave ovens as measured
microwave	that sends down microwave pulses that hit
microwave	to bounce the microwaves away 
microwave	views and a microwave oven is also
microwave	These satellites send microwave pulses to Earth
microwave	satellite that converts microwave signals into pictures
microwave	corner reflectors bounce microwave signals straight back
microwave	can either scatter microwave signals or reflect
microwave	Someday soon your microwave popcorn might be
microwave	kernel of your microwave popcorn Dick and
microwave	salt and then microwaved the powder reconstitutes
microwave	frequency can produce microwave echoes 
microwave	A microwave antenna and equipment
microwave	from optical and microwave imagery the development
microwave	Radarsat sends out microwave pulses that penetrate
microwave	From passive microwave and data we
microwave	techniques mostly passive microwave and AVHRR with
microwave	of a digital microwave system which has
microwave	high capacity digital microwave communications link from
microwave	The digital microwave system is providing
microwave	exploding in the microwave 
microwave	cabinets and even microwaves 
microwave	span rivers transmit microwaves or enclose maximal
microwave	selling a convection microwave oven in Japan
microwave	radiation lying between microwaves and visible light
microwave	develop and test microwave radio systems circuits
microwave	of analog digital microwave and power circuitry
microwave	using a handheld microwave transmitter to enhance
microwave	The transmitter emits microwaves or radio frequency
microwave	several patents in microwave and computer security
microwave	inventions based on microwave technology that they
microwave	power amplifiers incorporate microwave integrated circuits and
microwave	safe amounts of microwaves lower than the
microwave	passive infrared and microwave sensing 
microwave	measurements internal to microwave circuits instead of
microwave	A highly sensitive microwave detection system and
rifle	having third parties rifle through his hard
rifle	cheesecakes and a trifle that are relatively
rifle	The trifle a classic dessert
rifle	top of the trifle to completely cover
rifle	to garnish the trifle add cranberries in
rifle	was wounded by rifle fire on the
rifle	was wounded by rifle fire on the
rifle	clips in their rifles the only ammunition
rifle	suffered from a rifle bullet 
rifle	the crack of rifle fire and the
rifle	forehead with a rifle butt stabbed in
rifle	one that the rifles used to take
rifle	forehead with a rifle butt stabbed him
rifle	and an armalite rifle in the other
rifle	fatigues carrying a rifle and spouting Marxist
rifle	These rifles landmines grenade launchers
rifle	helicopter gunships with rifles 
rifle	true that I rifle through the clippings
rifle	a beautiful flintlock rifle 
rifle	use of his rifle killed one enemy
rifle	picked up the rifles and went on
rifle	was wounded by rifle fire on the
rifle	Vietnamese with a rifle and bayonet 
rifle	was wounded by rifle fire on the
rifle	man with a rifle and a bayonet
rifle	for our soldiers rifles 
rifle	of partisan advantage trifle with our national
rifle	III USMC a rifle platoon commander was
rifle	shot with a rifle 
rifle	her ability to rifle a dodgeball across
rifle	Maas is a rifle hunter and usually
rifle	shepard pie fruit trifle and haggis 
rifle	with an automatic rifle 
rifle	reached for a rifle took quick aim
rifle	competed in air rifle target shooting weight
rifle	2 rifle when he was
rifle	them unconscious and rifled their pockets for
rifle	resorting to their rifles to complete their
rifle	Dominican army used rifles and revolvers in
rifle	and a matching rifle hidden behind book
rifle	assassin rested his rifle to help preserve
rifle	arsenal of assault rifles 
rifle	Like an ordinary rifle an EMG has
rifle	crack of the rifle that fired it
rifle	and carved wooden rifles though nobody remembers
rifle	someone with a rifle must have killed
rifle	Civil War when rifles began to replace
rifle	hunting squirrels with rifles as country kids
rifle	gymnastics ice hockey rifle skiing squash swimming
rifle	I took my rifle and put it
rifle	or seven with rifles so they thought
rifle	sources such as rifles 
rifle	due to the rifle which was developed
rifle	steel plow the rifle or barbed wire
rifle	2 caliber rifle 
rifle	obstacle courses shoot rifles meet other highly
rifle	limited to pistols rifles shotguns air soft
rifle	sight of a rifle on a target
rifle	gave me a rifle that he had
rifle	The fastest ordinary rifles had muzzle velocities
rifle	pointed nose for rifle shells and missiles
rifle	achievable with a rifle powered only by
rifle	inserted into a rifle barrel and rugged
rifle	2 rifle 
rifle	rifles generally could not
rifle	southwest is a rifle or channel through
rifle	canali and sinuous rifles 
rifle	Sinuous rifles emanate from roughly
rifle	Sinuous rifles emanate from depressions
rifle	Professor Azzi hunting rifle or a which
rifle	Simone shot a rifle at rowdy neighbors
rifle	carried a large rifle 
rifle	was shrill His rifle well aimed laid
rifle	Scorn trifles lift your aims
rifle	the bulk of trifles confronting us 
rifle	swarm of ephemeron triflers why should they
rifle	in sloth or trifles and tribulations become
rifle	tongues and every trifle produces those phosphoric
rifle	puerile bustle about trifles and consequential solemnity
rifle	armed with riot rifles 
rifle	then took a rifle tomahawk and some
rifle	it for a trifle to a gentleman
rifle	muzzle of your rifle into my mouth
rifle	but a mere trifle when compared with
rifle	detached from the rifle corps and sent
rifle	one of the riflemen whose name was
rifle	every gun and rifle was loaded and
rifle	posted sharpshooters within rifle range to prevent
rifle	imprisonment the rope rifle volleys 
rifle	These are but trifles but they serve
rifle	and perhaps a trifle vaguely too 
rifle	introduction to the rifle 
rifle	qualify with their rifles 
rifle	skills such as rifle marksmanship hand grenade
rifle	mines and recoilless rifle fire 
rifle	hit by recoilless rifle fire wounding both
torch	with pitchforks and torches Collins says they
torch	hold high the torch of liberty and
torch	of the Olympic torch as it made
torch	the way that torch became a celebration
torch	she carried the torch 
torch	the giant Olympic torch burst into a
torch	to mind another torch the one that
torch	to believe the torch of peace would
torch	standing there with torch held high in
torch	Yes the torch of Lady Liberty
torch	beautifully refurbished her torch rekindled has rightly
torch	woman holding a torch of welcome to
torch	A torch of leadership is
torch	and protect the torch of freedom as
torch	The Olympic torch the symbol of
torch	first spied Liberty torch they knew that
torch	could light the torch of economic growth
torch	Special Olympics your torch is called the
torch	will carry the torch of freedom and
torch	passed on the torch of freedom 
torch	behind the Olympic torch 
torch	greeted the Olympic torch when it was
torch	They held the torch high and passed
torch	Everywhere the torch went people came
torch	of Independence the torch of the newly
torch	up at her torch which we light
torch	of Miss Liberty torch 
torch	and relit her torch we reflected on
torch	to extinguish the torch of civilization which
torch	freedom and the torch of democracy and
torch	tight to the torch of freedom if
torch	have kept the torch of liberty burning
torch	to light the torch of hope and
torch	as a single torchbearer climbed the steps
torch	burns like a torch 
torch	so that the torch of freedom would
torch	held high the torch of freedom for
torch	America and the torch that she bears
torch	be passing the torch to come the
torch	we pass the torch of freedom onto
torch	to carry freedom torch 
torch	to carry freedom torch 
torch	to carry freedom torch 
torch	to carry freedom torch 
torch	to carry freedom torch throughout the world
torch	to carry freedom torch 
torch	passing of the torch of leadership 
torch	be passing the torch to come the
torch	a hole and torched past the secondary
torch	state parks feature torchlight skiing hiking or
torch	launches and a torchlight kazoo parade 
torch	one of 90 torch bearers in the
torch	be carrying the torch 
torch	them hold the torch 
torch	for his the torch bearer on the
torch	Sara Kahl who torched River Falls for
torch	actions pass the torch of knowledge on
torch	Now the torch has been passed
torch	animations of twirling torches no MIDI files
torch	to pass the torch to Dr
torch	runners with a blowtorch before pushing off
torch	the light of torches of spirits illuminating
torch	held and drip torches to start fires
torch	Suddenly a flaming torch sprang from the
torch	go up like torches send burning trash
torch	runners with a blowtorch before pushing off
torch	use the oxyacetylene torch to melt down
torch	lighting the oxyacetylene torch 
torch	leafing of Liberty torch and from the
torch	scraping and blow torches were useless 
torch	her as a torchbearer to the Olympic
torch	from a propane torch and copper tubing
torch	depended on manual torch brazing with alloys
torch	mode the weld torch moved on a
torch	welder plying his torch with sparks flying
torch	prevented this and torching 
torch	being like a torch which shines a
torch	with a miniature torch to accomplish the
torch	with an acetylene torch until dull red
torch	The threaded torch head simply turns
torch	self contained miniature torch is the perfect
torch	up of complete torch kits 
torch	that carried the torch for classic soul
torch	the funk and torch of genre pioneers
torch	to pass the torch and define true
torch	short carried the torch for traditional hardcore
torch	picked up the torch and brought the
torch	carrying the same torch that his wind
torch	office with lighted torches and serenaded the
torch	undescended testicle or cryptorchidism describes the condition
torch	The diagnosis of cryptorchidism is usually made
torch	testicular cancer and cryptorchidism 
torch	ran holding the torch in San Francisco
volleyball	baseball softball and volleyball into line with
volleyball	team sports basketball volleyball softball individual and
volleyball	competing in a volleyball tournament in Japan
volleyball	and a sand volleyball court and is
volleyball	Center a sand volleyball court the College
volleyball	to play competitive volleyball in a friendly
volleyball	courts a sand volleyball court and is
volleyball	activity area for volleyball and horseshoes 
volleyball	spring picnic hosting volleyball tournament and attending
volleyball	the men club volleyball team should not
volleyball	its own sand volleyball court and parking
volleyball	courts a sand volleyball court and is
volleyball	A sand volleyball court is on
volleyball	Hall a sand volleyball court the College
volleyball	Sand volleyball tennis and basketball
volleyball	Hagestad Hall sand volleyball courts the College
volleyball	Pretty in Pink volleyball team who is
volleyball	With the volleyball playoff next week
volleyball	ultimate frisbee dodgeball volleyball and broomball 
volleyball	course for the volleyball player 
volleyball	been the assistant volleyball coach the last
volleyball	She coached volleyball for eight years
volleyball	tennis track and volleyball 
volleyball	both basketball and volleyball 
volleyball	participating in basketball volleyball and golf 
volleyball	Florida beaches playing volleyball 
volleyball	was an assistant volleyball coach at University
volleyball	not only loves volleyball but has a
volleyball	to the Falcon volleyball court 
volleyball	the game of volleyball are apparent in
volleyball	senior years in volleyball and basketball Named
volleyball	the game of volleyball 
volleyball	participant in both volleyball and basketball named
volleyball	Tonka Junior Olympic volleyball club prep coach
volleyball	played really good volleyball this weekend and
volleyball	Geehan has played volleyball with teammate Kat
volleyball	in a summer volleyball league 
volleyball	enjoys coaching youth volleyball 
volleyball	Gustafson began playing volleyball in sixth grade
volleyball	the sport of volleyball 
volleyball	the game of volleyball 
volleyball	she starred in volleyball and basketball for
volleyball	talent on the volleyball court Krtnick also
volleyball	track field and volleyball with her studies
volleyball	got her first volleyball experience after her
volleyball	basketball softball tennis volleyball reading and roller
volleyball	shy and the volleyball girls were popular
volleyball	and two in volleyball 
volleyball	and once in volleyball 
volleyball	softball and not volleyball 
volleyball	of her school volleyball and basketball teams
volleyball	a athlete playing volleyball and softball 
volleyball	I loved volleyball so much Coughlin
volleyball	not just quite volleyball however 
volleyball	for golf and volleyball and she is
volleyball	played golf and volleyball which compete during
volleyball	with the Falcon volleyball program 
volleyball	three letters in volleyball at Kimberly High
volleyball	of the Falcon volleyball team for the
volleyball	away from competitive volleyball for two years
volleyball	into the Falcon volleyball program and picked
volleyball	with the Falcon volleyball program and plays
volleyball	hobbies include playing volleyball and spending time
volleyball	year of collegiate volleyball and plays outside
volleyball	with the Falcon volleyball program and plays
volleyball	year of collegiate volleyball with the Falcons
volleyball	with the Falcon volleyball program and plays
volleyball	amazing week of volleyball making this her
volleyball	tough weekend of volleyball 
volleyball	She started playing volleyball when she was
volleyball	year with the volleyball team 
volleyball	like to coach volleyball 
volleyball	with being a volleyball player Soine is
volleyball	and she chose volleyball even though she
volleyball	people and playing volleyball is great 
volleyball	The Falcon volleyball team has three
volleyball	brief sabbatical from volleyball but she is
volleyball	of the Falcon volleyball team this past
volleyball	basketball competed in volleyball for four seasons
volleyball	also competed in volleyball and softball and
volleyball	for the Falcon volleyball team 
volleyball	out on the volleyball court or engaging
volleyball	she participated in volleyball basketball and softball
volleyball	Whether academics basketball volleyball or dance she
volleyball	her retirement from volleyball may be I
volleyball	playing sports like volleyball and softball 
volleyball	here such as volleyball broomball and dodgeball
volleyball	The volleyball camps at River
volleyball	sport of power volleyball 
volleyball	games prizes bingo volleyball tournament and free
volleyball	in football girls volleyball and boys and
volleyball	track and field volleyball and golf 
volleyball	food and a volleyball tournament for students
volleyball	tutor for varsity volleyball team and camp
volleyball	popular sports as volleyball tennis and golf
volleyball	competing in a volleyball tournament in Japan
volleyball	a basketball and volleyball player at Doane
volleyball	and two in volleyball 
taxi	retail customer service taxicabs terminal advertising and
taxi	aircraft parking and taxiway and runway improvements
taxi	will include exit taxiways and be equipped
taxi	future runways and taxiways at the airport
taxi	the Washington Flyer taxicab system 
taxi	About taxicabs are dispatched at
taxi	Metrorail shuttles taxis and rental cars
taxi	and maintain the taxicab dispatch and commercial
taxi	Provide cross field taxiways connecting the new
taxi	and maintain the taxicab dispatch and commercial
taxi	the dispatching of taxicabs to and from
taxi	amendments pertain to taxicabs and other vehicles
taxi	contractor to provide taxicab service at Washington
taxi	Airport uses a taxicab 
taxi	a fleet of taxicabs that together will
taxi	both short and taxicab trips 
taxi	improvements in the taxicab facilities 
taxi	the Dulles Airport taxicab system 
taxi	proposed improvements to taxicab service at Ronald
taxi	taxicab permit for taxicab drivers from the
taxi	adamantly opposed to taxing sales and are
taxi	the notion that taxing online sales will
taxi	the various local taxing jurisdictions within a
taxi	is defining the taxing source 
taxi	to simplify their taxing structures then this
taxi	connection with a taxing state exclusively by
taxi	their delegation of taxing authority was valid
taxi	Internet taxing provides both advantages
taxi	property within the taxing state but use
taxi	presence in the taxing state lxxxii has
taxi	law and that taxing it in its
taxi	local and municipal taxing jurisdictions and easy
taxi	requirements for the taxing state 
taxi	contacts with the taxing State are by
taxi	with the state taxing statutes and regulations
taxi	net by not taxing it for they
taxi	state and local taxing authority with respect
taxi	activity within the taxing State 
taxi	service in the taxing State no other
taxi	sell products without taxing the purchaser 
taxi	current problems with taxing and concludes by
taxi	from extending there taxing authority outside of
taxi	nexus with the taxing state 
taxi	nexus with the taxing state under the
taxi	comply with the taxing systems of thousands
taxi	state and local taxing schemes 
taxi	received is the taxing jurisdiction 
taxi	requirement for state taxing jurisdiction is that
taxi	contact with the taxing jurisdiction so that
taxi	limits of state taxing authority of 
taxi	tax to the taxing jurisdiction 
taxi	extend a state taxing authority to the
taxi	nexus with the taxing state or authority
taxi	state and local taxing schemes or conversely
taxi	to extend state taxing authority to encompass
taxi	states to continue taxing Internet access so
taxi	impacts of their taxing power 
taxi	standardization of state taxing schemes 
taxi	taxing jurisdiction the taxing jurisdiction could be
taxi	of the various taxing systems have been
taxi	state and local taxing systems by adopting
taxi	chemokine receptors and chemotaxis 
taxi	fatal disease called ataxia telangiectasia or AT
taxi	fatal disease called ataxia telangiectasia or AT
taxi	government spending and taxing reforming and eliminating
taxi	of increase in taxing and spending 
taxi	The taxing power of government
taxi	stop government squandering overtaxing ways and save
taxi	by more government taxing spending and borrowing
taxi	government spending and taxing because we know
taxi	and government spending taxing and borrowing down
taxi	the corner from overtaxing overspending record interest
taxi	no ratio between taxing and balancing a
taxi	that we were taxing the rich and
taxi	to this radical taxing scheme he would
taxi	Mondale you are taxing my patience 
taxi	a government began taxing above a certain
taxi	big spending big taxing and overregulation in
taxi	damage that the overtaxing overspending overregulating binge
taxi	try to bring taxing down to 20
taxi	Big taxing and spending had
taxi	control government spending taxing and in doing
taxi	destructive habits of taxing and spending 
taxi	face a very taxing year in 1986
taxi	It might be taxing for me and
taxi	Instead of taxing it away from
taxi	insidious way of taxing the American people
taxi	strive to control taxing and spending we
taxi	The confiscatory taxing of estates and
taxi	Federal Government big taxing and big spending
taxi	of increase in taxing and spending 
taxi	of spending and taxing would suggest 
taxi	Federal spending and taxing as a share
taxi	the electorate bringing taxing and spending decisions
taxi	Federal Government spending taxing and regulatory policy
taxi	a way of taxing people on their
taxi	big spending big taxing and overregulation 
taxi	cutting spending and taxing shrinking the size
taxi	was with our taxing policies since the
taxi	Big taxing and spending had
